AS OF 07_2024	Circuit #S	Rack	General Area it Comes from	WHAT THEY ARE CURRENTLY ON	Secondary Name if Applicable	Color in Rack	Notes			
RACK 1										SL Weight Rail
R1A	1-6	1	DIMMER ROOM DS RACK	FOH GRID	APRON	RED				R2Y (from grid, DSL)
R1B	7-12	1	DIMMER ROOM DS RACK	FOH GRID	APRON	ORANGE				R3A, R3C (USL coils)
R1C	13-18	1	DIMMER ROOM DS RACK	FOH GRID	FOH 4 BALCONY	YELLOW				R3E (USL, unused)
R1D	19-24	1	DIMMER ROOM DS RACK	FOH GRID	FOH 3 BOOMQUEESHA	GREEN				Cue LX ctrl addr.13
R1E	25-30	1	DIMMER ROOM DS RACK	BOX BOOM WHOLE	BOX BOOM SR	BLUE				Grid
R1F	31-36	1	DIMMER ROOM DS RACK	BOX BOOM WHOLE	BOX BOOM SR	PURPLE				Grid Sp 1 (gaff label either R1P or RIP?)
R1G	37-42	1	DIMMER ROOM DS RACK	BOX BOOM WHOLE	FUNK SR	GREY				R2N, R3G, R3H (all unused)
R1H	43-48	1	DIMMER ROOM DS RACK	BOX BOOM WHOLE	AUD BM SR 1	BROWN				SL (DS>US) Grid hooks
R1J	49-54	1	DIMMER ROOM DS RACK	BOX BOOM WHOLE	AUD BM SR 2	WHITE				SR GRID 3 (L620 drop)
R1K	55-60	1	DIMMER ROOM DS RACK	BOX BOOM WHOLE	SIDE SPOT SR/ AUD BM SR 2	BLACK				R1CC, R2Y, [1 unlabeled]*
R1L	61-66	1	DIMMER ROOM DS RACK	TORM	TORM SR	RED				R1T, R1V, M1A
R1M	67-72	1	DIMMER ROOM DS RACK	TORM	TORM SR	ORANGE				R1U, R1S, R1W*
R1N	73-78	1	DIMMER ROOM DS RACK	GRID SR	GRID SR	YELLOW				R1Y
R1P	79-84	1	DIMMER ROOM DS RACK	GRID SL	GRID SL/ GRID SPARE 1	GREEN				R2W, M1B, R2V
R1Q	85-90	1	DIMMER ROOM DS RACK	GRID SR	GRID SR/ GRID SPARE 2	BLUE				R27??, R2U, R2T
R1R	91-96	1	DIMMER ROOM DS RACK		BOOTH?	PURPLE				R1N* (unlisted), Grid Sp 2 *
R1S	97-102	1	DIMMER ROOM DS RACK	GRID SR	OH ELEC 1	GREY				M1F*
R1T	103-108	1	DIMMER ROOM DS RACK	GRID SR	OH ELEC 1	BROWN				R3D*
R1U	109-114	1	DIMMER ROOM DS RACK	GRID SR	OH ELEC 1	WHITE				R3U*
R1V	115-120	1	DIMMER ROOM DS RACK	GRID SR	OH ELEC 1	BLACK				R3T, R3V
R1W	121-126	1	DIMMER ROOM DS RACK	GRID SR	OH ELEC 1	RED				R3W, R3S*
R1X	127-132	1	DIMMER ROOM DS RACK	FOH GRID	FOH 1	ORANGE				R3B* (used), M2A
R1Y	133-138	1	DIMMER ROOM DS RACK	GRID SR	LADDER SR	YELLOW				R3Y, M2B, R3zBB
R1zCC		1	DIMMER ROOM DS RACK	GRID SR		GREEN				
R1zJJ		1	DIMMER ROOM DS RACK	FOH BEAM 2		BLUE				R3F, R3X, R3Z, R3zAA* (unlisted on label)
RACK 2										
R2A	1-6	2	DIMMER ROOM US RACK	FOH GRID	APRON	RED				
R2B	7-12	2	DIMMER ROOM US RACK	FOH GRID	APRON	ORANGE				
R2C	13-18	2	DIMMER ROOM US RACK	FOH GRID	FOH 4 BALCONY	YELLOW				
R2D	19-24	2	DIMMER ROOM US RACK	FOH GRID	FOH 3 BOOMQUEESHA	GREEN				
R2E	25-30	2	DIMMER ROOM US RACK	BOX BOOM WHOLE	BOX BOOM SL	BLUE				
R2F	31-36	2	DIMMER ROOM US RACK	BOX BOOM WHOLE	BOX BOOM SL	PURPLE				
R2G	37-42	2	DIMMER ROOM US RACK	BOX BOOM WHOLE	FUNK SL	GREY				
R2H	43-48	2	DIMMER ROOM US RACK	BOX BOOM WHOLE	AUD BM 1 SL	BROWN				
R2J	49-54	2	DIMMER ROOM US RACK	BOX BOOM WHOLE	AUD BM 2 SL	WHITE				
R2K	55-60	2	DIMMER ROOM US RACK	BOX BOOM WHOLE	AUD BM 2 SL	BLACK				
R2L	61-66	2	DIMMER ROOM US RACK	TORM	TORM SL	RED				
R2M	67-72	2	DIMMER ROOM US RACK	TORM	TORM SL	ORANGE				
R2N	73-78	2	DIMMER ROOM US RACK	GRID SL	GRID SL	YELLOW				
R2P	79-84	2	DIMMER ROOM US RACK	FOH GRID	FOH 2 SP 1	GREEN				
R2Q	85-90	2	DIMMER ROOM US RACK	FOH GRID	FOH 2 SP 2	BLUE				
R2R	91-96	2	DIMMER ROOM US RACK	FOH GRID	FOH 2 SP 3	PURPLE				
R2S	97-102	2	DIMMER ROOM US RACK		NFG	GREY				
R2T	103-108	2	DIMMER ROOM US RACK	SR GRID	OH ELEC 2	BROWN				
R2U	109-114	2	DIMMER ROOM US RACK	SR GRID	OH ELEC 2	WHITE				
R2V	115-120	2	DIMMER ROOM US RACK	SR GRID	OH ELEC 2	BLACK				
R2W	121-126	2	DIMMER ROOM US RACK	SR GRID	FOH 1	RED				
R2X	127-132	2	DIMMER ROOM US RACK	SR GRID	OH ELEC 2	ORANGE				
R2Y	133-138	2	DIMMER ROOM US RACK	SL GRID	1 LADDER SL	YELLOW				
R2Z	139-144	2	DIMMER ROOM US RACK	SR GRID	OH ELEC 2	GREEN				
R2zJJ		2	DIMMER ROOM US RACK	VARIOUS WORK LIGHTS/ HOUSE LIGHTS						
RACK 3										
R3A	1-6	3	USL IN CROSSOVER	LADDER 2 SL	SIDE LIGHT 2 SL	RED				
R3B	7-12	3	USL IN CROSSOVER	LADDER 2 SR	SIDE LIGHT 2 SR	ORANGE				
R3C	13-18	3	USL IN CROSSOVER	NFG	NFG	YELLOW				
R3D	19-24	3	USL IN CROSSOVER	LADDER 3 SR	SIDE LIGHT 3 SR	GREEN				
R3E	25-30	3	USL IN CROSSOVER	SL WEIGHT RAIL	SIDE LIGHT 4 SL	BLUE				
R3F	31-36	3	USL IN CROSSOVER	LADDER 4 SR	SIDE LIGHT 4 SR	PURPLE				
R3G	37-42	3	USL IN CROSSOVER		5TH LX	GREY				
R3H	43-48	3	USL IN CROSSOVER		5TH LX	BROWN				
R3J	49-54	3	USL IN CROSSOVER	SL LADDER 3	SIDE LIGHT 3 SL	WHITE				
R3K	55-60	3	USL IN CROSSOVER			BLACK				
R3L	61-66	3	USL IN CROSSOVER			RED				
R3M	67-72	3	USL IN CROSSOVER			ORANGE				
R3N	73-78	3	USL IN CROSSOVER			YELLOW				
R3O	79-84	3	USL IN CROSSOVER			GREEN				
R3P	85-90	3	USL IN CROSSOVER			BLUE				
R3Q	91-96	3	USL IN CROSSOVER			PURPLE				
R3R	97-102	3	USL IN CROSSOVER			GREY	SPONSOR BAR CIR			
R3S	103-108	3	USL IN CROSSOVER	SR GRID	OH ELEC 3	BROWN				
R3T	109-114	3	USL IN CROSSOVER	SR GRID	OH ELEC 3	WHITE				
R3U	115-120	3	USL IN CROSSOVER	SR GRID	OH ELEC 3	BLACK				
R3V	121-126	3	USL IN CROSSOVER	SR GRID	OH ELEC 3	RED				
R3W	133-138	3	USL IN CROSSOVER	SR GRID	OH ELEC 4	ORANGE				
R3X	127-132	3	USL IN CROSSOVER	SR GRID	OH ELEC 4	YELLOW				
R3Y		3	USL IN CROSSOVER	SR GRID		GREEN				
R3ZAA	139-144	3	USL IN CROSSOVER	SR GRID	OH ELEC 4	BLUE				
R3zBB	145-150	3	USL IN CROSSOVER	SR GRID	OH ELEC 4	PURPLE				
R3zCC	151-156	3	USL IN CROSSOVER			GREY				
R3zDD	157-162	3	USL IN CROSSOVER			BROWN				
R3zEE	163-168	3	USL IN CROSSOVER			WHITE				
R3zFF	169-174	3	USL IN CROSSOVER			BLACK				
R3zGG	175-180	3	USL IN CROSSOVER			RED				
R3zHH	181-186	3	USL IN CROSSOVER			ORANGE				
ML PANEL 1										
M1A	2		SR NEXT TO DIMMER ROOM	SR GRID						
M1A	4		SR NEXT TO DIMMER ROOM	SR GRID						
M1A	6		SR NEXT TO DIMMER ROOM	SR GRID						
M1B	2		SR NEXT TO DIMMER ROOM	SR GRID						
M1B	4		SR NEXT TO DIMMER ROOM	SR GRID						
M1B	6		SR NEXT TO DIMMER ROOM	SR GRID						
M1C	2		SR NEXT TO DIMMER ROOM	FOH GRID						
M1C	4		SR NEXT TO DIMMER ROOM	FOH GRID						
M1C	6		SR NEXT TO DIMMER ROOM	FOH GRID						
M1D	2		SR NEXT TO DIMMER ROOM	BOX BOOM WHOLE						
M1D	3		SR NEXT TO DIMMER ROOM	BOX BOOM WHOLE						
ML PANEL 2										
M2A	2	3	ON RACK 3 SL SIDE							
M2A	3	3	ON RACK 3 SL SIDE							
M2A	4	3	ON RACK 3 SL SIDE							
M2A	5	3	ON RACK 3 SL SIDE	SR GRID						
M2B	2	3	ON RACK 3 SL SIDE							
M2B	4	3	ON RACK 3 SL SIDE							
M2B	6	3	ON RACK 3 SL SIDE							
M2C	1	3	ON RACK 3 SL SIDE							
M2C	2	3	ON RACK 3 SL SIDE	BOX BOOM WHOLE						
M2C	3	3	ON RACK 3 SL SIDE	BOX BOOM WHOLE						
M2D	1	3	ON RACK 3 SL SIDE	GROUND ROW						
M2D	2	3	ON RACK 3 SL SIDE	GROUND ROW						
M2D	3	3	ON RACK 3 SL SIDE	GROUND ROW						
M111										
RACK 2										
TURKEY 1			SR NEXT TO DIMMER ROOM		Beam 					
TURKEY 2			SR NEXT TO DIMMER ROOM							
TURKEY 3			SR NEXT TO DIMMER ROOM							
[HR] 287										
[HR] 288										
[HR] 293										
[HR] 294										
[HR] 387										
[HR] 388										
[HR] AUDIO CUE										
[HR] Blue Runs										
[HR] Ghosts										
[HR] M206										
[HR] M207										
[HR] M208										
[HR][Q] Rail (A)										
[HR][Q] Rail (R)										
