`	Circuit #S	Rack	General Area it Comes from	General Area it runs to	Secondary Name if Applicable	Color in Rack	Notes
RACK 1							
R1A	1-6	1	DIMMER ROOM DS RACK	FOH GRID	APRON	RED	
R1B	7-12	1	DIMMER ROOM DS RACK	FOH GRID	APRON	ORANGE	
R1C	13-18	1	DIMMER ROOM DS RACK	FOH GRID	FOH 4 BALCONY	YELLOW	
R1D	19-24	1	DIMMER ROOM DS RACK	FOH GRID	FOH 3 BOOMQUEESHA	GREEN	
R1E	25-30	1	DIMMER ROOM DS RACK	BOX BOOM WHOLE	BOX BOOM SR	BLUE	
R1F	31-36	1	DIMMER ROOM DS RACK	BOX BOOM WHOLE	BOX BOOM SR	PURPLE	
R1G	37-42	1	DIMMER ROOM DS RACK	BOX BOOM WHOLE	FUNK SR	GREY	
R1H	43-48	1	DIMMER ROOM DS RACK	BOX BOOM WHOLE	Apron Boom SR 1	BROWN	
R1J	49-54	1	DIMMER ROOM DS RACK	BOX BOOM WHOLE	AUD BM SR 2	WHITE	
R1K	55-60	1	DIMMER ROOM DS RACK	BOX BOOM WHOLE	SIDE SPOT SR/ AUD BM SR 2	BLACK	
R1L	61-66	1	DIMMER ROOM DS RACK	TORM	TORM SR	RED	
R1M	67-72	1	DIMMER ROOM DS RACK	TORM	TORM SR	ORANGE	
R1N	73-78	1	DIMMER ROOM DS RACK	GRID SR	GRID SR	YELLOW	
R1P	79-84	1	DIMMER ROOM DS RACK	SL WEIGHT RAIL	GRID SL/ GRID SPARE 1	GREEN	SPARE
R1Q	85-90	1	DIMMER ROOM DS RACK	GRID SR	GRID SR/ GRID SPARE 2	BLUE	SET LX
R1R	91-96	1	DIMMER ROOM DS RACK	FOH GRID	BOOTH	PURPLE	Spare
R1S	97-102	1	DIMMER ROOM DS RACK	GRID SR	OH ELEC 1	GREY	
R1T	103-108	1	DIMMER ROOM DS RACK	GRID SR	OH ELEC 1	BROWN	
R1U	109-114	1	DIMMER ROOM DS RACK	GRID SR	OH ELEC 1	WHITE	
R1V	115-120	1	DIMMER ROOM DS RACK	GRID SR	OH ELEC 1	BLACK	
R1W	121-126	1	DIMMER ROOM DS RACK	GRID SR	OH ELEC 1	RED	
R1X	127-132	1	DIMMER ROOM DS RACK	FOH GRID	FOH 1	ORANGE	
R1Y	133-138	1	DIMMER ROOM DS RACK	GRID SR	LADDER SR	YELLOW	
R1Z	139-144	1	DIMMER ROOM DS RACK			GREEN	
R1zAA	145-150		DIMMER ROOM DS RACK			BLUE	No Soca
R1zBB	151-156		DIMMER ROOM DS RACK			PURPLE	No Soca
R1zCC	157-162		DIMMER ROOM DS RACK			GREY	No Soca
R1zDD	163-168		DIMMER ROOM DS RACK			BROWN	No Soca
R1zEE	169-174		DIMMER ROOM DS RACK			WHITE	No Soca
R1zFF	175-180		DIMMER ROOM DS RACK			BLACK	No Soca
R1zGG	181-186		DIMMER ROOM DS RACK			RED	No Soca
R1zHH	187-193		DIMMER ROOM DS RACK			ORANGE	No Soca
R1zJJ		1	DIMMER ROOM DS RACK	FOH BEAM 2			STAGE PIN INTO RACK
RACK 2							
R2A	1-6	2	DIMMER ROOM US RACK	FOH GRID	APRON	RED	
R2B	7-12	2	DIMMER ROOM US RACK	FOH GRID	APRON	ORANGE	
R2C	13-18	2	DIMMER ROOM US RACK	FOH GRID	FOH 4 BALCONY	YELLOW	
R2D	19-24	2	DIMMER ROOM US RACK	FOH GRID	FOH 3 BOOMQUEESHA	GREEN	
R2E	25-30	2	DIMMER ROOM US RACK	BOX BOOM WHOLE	BOX BOOM SL	BLUE	
R2F	31-36	2	DIMMER ROOM US RACK	BOX BOOM WHOLE	BOX BOOM SL	PURPLE	
R2G	37-42	2	DIMMER ROOM US RACK	BOX BOOM WHOLE	FUNK SL	GREY	
R2H	43-48	2	DIMMER ROOM US RACK	BOX BOOM WHOLE	APRON BOOM SL	BROWN	
R2J	49-54	2	DIMMER ROOM US RACK	BOX BOOM WHOLE	AUD BM 2 SL	WHITE	
R2K	55-60	2	DIMMER ROOM US RACK	BOX BOOM WHOLE	AUD BM 2 SL	BLACK	
R2L	61-66	2	DIMMER ROOM US RACK	TORM	TORM SL	RED	
R2M	67-72	2	DIMMER ROOM US RACK	TORM	TORM SL	ORANGE	
R2N	73-78	2	DIMMER ROOM US RACK	SL WEIGHT RAIL	GRID SL	YELLOW	Set LX
R2P	79-84	2	DIMMER ROOM US RACK	FOH GRID	FOH 2 SP 1	GREEN	
R2Q	85-90	2	DIMMER ROOM US RACK	FOH GRID	FOH 2 SP 2	BLUE	
R2R	91-96	2	DIMMER ROOM US RACK	FOH GRID	FOH 2 SP 3	PURPLE	
R2S	97-102	2	DIMMER ROOM US RACK	NFG	NFG	GREY	
R2T	103-108	2	DIMMER ROOM US RACK	SR GRID	OH ELEC 2	BROWN	
R2U	109-114	2	DIMMER ROOM US RACK	SR GRID	OH ELEC 2	WHITE	
R2V	115-120	2	DIMMER ROOM US RACK	SR GRID		BLACK	
R2W	121-126	2	DIMMER ROOM US RACK	SR GRID	FOH 1	RED	
R2X	127-132	2	DIMMER ROOM US RACK	???		ORANGE	
R2Y	133-138	2	DIMMER ROOM US RACK	SR GRID	1 LADDER SL	YELLOW	
R2Z	139-144	2	DIMMER ROOM US RACK	SR GRID	OH ELEC 2	GREEN	
R2zAA	139-144					BLUE	No Soca
R2zBB	145-150					PURPLE	No Soca
R2zCC	151-156					GREY	No Soca
R2zDD	157-162					BROWN	No Soca
R2zEE	163-168					WHITE	No Soca
R2zFF	169-174					BLACK	No Soca
R2zGG	175-180					RED	No Soca
R2zHH	181-186					ORANGE	No Soca
R2zJJ		2	DIMMER ROOM US RACK	VARIOUS WORK LIGHTS/ HOUSE LIGHTS			STAGE PIN INTO RACK
RACK 3							
R3A	1-6	3	USL IN CROSSOVER	SL WEIGHT RAIL	SIDE LIGHT 2 SL	RED	
R3B	7-12	3	USL IN CROSSOVER	GRID SR	SIDE LIGHT 2 SR	ORANGE	
R3C	13-18	3	USL IN CROSSOVER	NFG	NFG	YELLOW	
R3D	19-24	3	USL IN CROSSOVER	GRID SR	SIDE LIGHT 3 SR	GREEN	
R3E	25-30	3	USL IN CROSSOVER	SL WEIGHT RAIL	SIDE LIGHT 4 SL	BLUE	
R3F	31-36	3	USL IN CROSSOVER	GRID SR	SIDE LIGHT 4 SR	PURPLE	
R3G	37-42	3	USL IN CROSSOVER	GRID SL	5TH LX	GREY	
R3H	43-48	3	USL IN CROSSOVER	GRID SL	5TH LX	BROWN	
R3J	49-54	3	USL IN CROSSOVER	SL WEIGHT RAIL	SIDE LIGHT 3 SL	WHITE	
R3K	55-60	3	USL IN CROSSOVER			BLACK	
R3L	61-66	3	USL IN CROSSOVER			RED	
R3M	67-72	3	USL IN CROSSOVER			ORANGE	
R3N	73-78	3	USL IN CROSSOVER			YELLOW	
R3P	79-84	3	USL IN CROSSOVER			GREEN	
R3Q	85-90	3	USL IN CROSSOVER			BLUE	
R3R	91-96	3	USL IN CROSSOVER			PURPLE	
R3S	97-102	3	USL IN CROSSOVER	SR GRID	OH ELEC 3	GREY	
R3T	103-108	3	USL IN CROSSOVER	SR GRID	OH ELEC 3	BROWN	
R3U	109-114	3	USL IN CROSSOVER	SR GRID	OH ELEC 3	WHITE	
R3V	115-120	3	USL IN CROSSOVER	SR GRID		BLACK	
R3W	121-126	3	USL IN CROSSOVER	SR GRID		RED	
R3X	133-138	3	USL IN CROSSOVER	SR GRID		ORANGE	
R3Y	127-132	3	USL IN CROSSOVER	SR GRID		YELLOW	
R3Z	133-138	3	USL IN CROSSOVER	SR GRID		GREEN	
R3zAA	139-144	3	USL IN CROSSOVER	SR GRID		BLUE	Set LX SR
R3zBB	145-150	3	USL IN CROSSOVER	SR GRID		PURPLE	
R3zCC	151-156	3	USL IN CROSSOVER			GREY	No Soca
R3zDD	157-162	3	USL IN CROSSOVER			BROWN	No Soca
R3zEE	163-168	3	USL IN CROSSOVER			WHITE	No Soca
R3zFF	169-174	3	USL IN CROSSOVER			BLACK	No Soca
R3zGG	175-180	3	USL IN CROSSOVER			RED	No Soca
R3zHH	181-186	3	USL IN CROSSOVER			ORANGE	No Soca
ML PANEL 1							
M1A	1-6		SR NEXT TO DIMMER ROOM	SR GRID	OH ELEC 1		Only Some of these are usable, What is plugged into ML PANEL 1
M1B	1-6		SR NEXT TO DIMMER ROOM	SR GRID	OH ELEC 2		Only Some of these are usable, What is plugged into ML PANEL 1
M1C	1-6		SR NEXT TO DIMMER ROOM	FOH GRID	APRON		Only Some of these are usable, What is plugged into ML PANEL 1
M1D	1-6		SR NEXT TO DIMMER ROOM	SR SPOT WHOLE	FUNK Pipes		Only Some of these are usable, What is plugged into ML PANEL 1
ML PANEL 2							
M2A	1-6	3	ON RACK 3 SL SIDE	SR GRID	OH ELEC 3		Only Some of these are usable, What is plugged into ML PANEL 2
M2B	2	3	ON RACK 3 SL SIDE	SR GRID	OH ELEC 4		Only Some of these are usable, What is plugged into ML PANEL 2
M2B	4	3	ON RACK 3 SL SIDE	SR GRID	OH ELEC 4		Only Some of these are usable, What is plugged into ML PANEL 2
M2B	6	3	ON RACK 3 SL SIDE	SR GRID	OH ELEC 4		Only Some of these are usable, What is plugged into ML PANEL 2
M2C	1	3	ON RACK 3 SL SIDE	SL SPOT WHOLE	FUNK Pipes		Only Some of these are usable, What is plugged into ML PANEL 2
M2D	1-3	3	ON RACK 3 SL SIDE	GROUND ROW			Only Some of these are usable, What is plugged into ML PANEL 2
M2D	4-6	3	ON RACK 3 SL SIDE				Only Some of these are usable, What is plugged into ML PANEL 2
RACK 2							
TURKEY 1			SR NEXT TO DIMMER ROOM				
TURKEY 2			SR NEXT TO DIMMER ROOM				
TURKEY 3			SR NEXT TO DIMMER ROOM				
[HR] 287							
[HR] 288							
[HR] 293							
[HR] 294							
[HR] 387							
[HR] 388							
[HR] AUDIO CUE							
[HR] Blue Runs							
[HR] Ghosts							
[HR][Q] Rail (A)							
[HR][Q] Rail (R)							
